,Species_Code,Forest_Owner_Code,VALUE
Species_Code,1.0,0.000499641322065428,0.12389506284484315
Forest_Owner_Code,0.000499641322065428,1.0,0.05525645896465529
VALUE,0.12389506284484315,0.05525645896465529,1.0
